route,departure_date,weekday,cheapest_one_way_fare,currency,google_price_level,google_typical_low,google_typical_high,itineraries_found
JFK-LAX,2026-11-01,Sun,204,USD,typical,144,240,32
JFK-LAX,2026-11-02,Mon,204,USD,typical,144,240,32
JFK-LAX,2026-11-03,Tue,185,USD,typical,144,240,31
JFK-LAX,2026-11-04,Wed,204,USD,typical,144,240,30
JFK-LAX,2026-11-05,Thu,204,USD,typical,144,240,32
JFK-LAX,2026-11-06,Fri,184,USD,typical,144,240,33
JFK-LAX,2026-11-07,Sat,204,USD,typical,144,240,23
JFK-LAX,2026-11-08,Sun,204,USD,typical,144,240,30
JFK-LAX,2026-11-09,Mon,185,USD,typical,144,240,32
JFK-LAX,2026-11-10,Tue,204,USD,typical,144,240,30
JFK-LAX,2026-11-11,Wed,204,USD,typical,144,240,30
JFK-LAX,2026-11-12,Thu,204,USD,typical,144,240,32
JFK-LAX,2026-11-13,Fri,204,USD,typical,144,240,32
JFK-LAX,2026-11-14,Sat,204,USD,typical,144,240,23
JFK-LAX,2026-11-15,Sun,204,USD,typical,144,240,31
JFK-LAX,2026-11-16,Mon,184,USD,typical,144,240,33
JFK-LAX,2026-11-17,Tue,204,USD,typical,144,240,30
JFK-LAX,2026-11-18,Wed,204,USD,typical,144,240,30
JFK-LAX,2026-11-19,Thu,184,USD,typical,144,240,33
JFK-LAX,2026-11-20,Fri,280,USD,high,144,240,33
JFK-LAX,2026-11-21,Sat,244,USD,high,144,240,30
JFK-LAX,2026-11-22,Sun,294,USD,high,144,240,32
JFK-LAX,2026-11-23,Mon,266,USD,high,144,240,34
JFK-LAX,2026-11-24,Tue,280,USD,high,144,240,32
JFK-LAX,2026-11-25,Wed,280,USD,high,144,240,32
JFK-LAX,2026-11-26,Thu,294,USD,high,144,240,17
JFK-LAX,2026-11-27,Fri,339,USD,high,144,240,29
JFK-LAX,2026-11-28,Sat,424,USD,high,144,240,33
JFK-LAX,2026-11-29,Sun,489,USD,high,144,240,33
JFK-LAX,2026-11-30,Mon,355,USD,high,144,240,33
LAX-NRT,2026-11-01,Sun,334,USD,typical,316,460,8
LAX-NRT,2026-11-02,Mon,334,USD,typical,316,460,8
LAX-NRT,2026-11-03,Tue,334,USD,typical,316,460,9
LAX-NRT,2026-11-04,Wed,334,USD,typical,316,460,9
LAX-NRT,2026-11-05,Thu,334,USD,typical,316,460,10
LAX-NRT,2026-11-06,Fri,334,USD,typical,316,460,8
LAX-NRT,2026-11-07,Sat,485,USD,high,316,460,10
LAX-NRT,2026-11-08,Sun,429,USD,typical,316,460,9
LAX-NRT,2026-11-09,Mon,429,USD,typical,316,460,9
LAX-NRT,2026-11-10,Tue,429,USD,typical,316,460,9
LAX-NRT,2026-11-11,Wed,429,USD,typical,316,460,9
LAX-NRT,2026-11-12,Thu,429,USD,typical,316,460,10
LAX-NRT,2026-11-13,Fri,484,USD,high,316,460,9
LAX-NRT,2026-11-14,Sat,485,USD,high,316,460,9
LAX-NRT,2026-11-15,Sun,429,USD,typical,316,460,9
LAX-NRT,2026-11-16,Mon,384,USD,typical,316,460,8
LAX-NRT,2026-11-17,Tue,429,USD,typical,316,460,10
LAX-NRT,2026-11-18,Wed,460,USD,typical,316,460,9
LAX-NRT,2026-11-19,Thu,625,USD,high,316,460,12
LAX-NRT,2026-11-20,Fri,823,USD,high,316,460,16
LAX-NRT,2026-11-21,Sat,557,USD,high,316,460,8
LAX-NRT,2026-11-22,Sun,460,USD,typical,316,460,11
LAX-NRT,2026-11-23,Mon,460,USD,typical,316,460,11
LAX-NRT,2026-11-24,Tue,384,USD,typical,316,460,8
LAX-NRT,2026-11-25,Wed,329,USD,typical,316,460,7
LAX-NRT,2026-11-26,Thu,384,USD,typical,316,460,9
LAX-NRT,2026-11-27,Fri,334,USD,typical,316,460,8
LAX-NRT,2026-11-28,Sat,334,USD,typical,316,460,10
LAX-NRT,2026-11-29,Sun,334,USD,typical,316,460,6
LAX-NRT,2026-11-30,Mon,334,USD,typical,316,460,8
LHR-JFK,2026-11-01,Sun,641,USD,high,459,540,25
LHR-JFK,2026-11-02,Mon,489,USD,typical,459,540,21
LHR-JFK,2026-11-03,Tue,489,USD,typical,459,540,22
LHR-JFK,2026-11-04,Wed,489,USD,typical,459,540,20
LHR-JFK,2026-11-05,Thu,489,USD,typical,459,540,22
LHR-JFK,2026-11-06,Fri,489,USD,typical,459,540,21
LHR-JFK,2026-11-07,Sat,489,USD,typical,459,540,21
LHR-JFK,2026-11-08,Sun,489,USD,typical,459,540,24
LHR-JFK,2026-11-09,Mon,489,USD,typical,459,540,21
LHR-JFK,2026-11-10,Tue,453,USD,low,459,540,23
LHR-JFK,2026-11-11,Wed,399,USD,low,459,540,27
LHR-JFK,2026-11-12,Thu,399,USD,low,459,540,29
LHR-JFK,2026-11-13,Fri,399,USD,low,459,540,28
LHR-JFK,2026-11-14,Sat,399,USD,low,459,540,25
LHR-JFK,2026-11-15,Sun,406,USD,low,459,540,27
LHR-JFK,2026-11-16,Mon,399,USD,low,459,540,26
LHR-JFK,2026-11-17,Tue,399,USD,low,459,540,28
LHR-JFK,2026-11-18,Wed,399,USD,low,459,540,25
LHR-JFK,2026-11-19,Thu,399,USD,low,459,540,29
LHR-JFK,2026-11-20,Fri,399,USD,low,459,540,25
LHR-JFK,2026-11-21,Sat,399,USD,low,459,540,23
LHR-JFK,2026-11-22,Sun,406,USD,low,459,540,27
LHR-JFK,2026-11-23,Mon,399,USD,low,459,540,23
LHR-JFK,2026-11-24,Tue,399,USD,low,459,540,24
LHR-JFK,2026-11-25,Wed,399,USD,low,459,540,22
LHR-JFK,2026-11-26,Thu,399,USD,low,459,540,22
LHR-JFK,2026-11-27,Fri,406,USD,low,459,540,27
LHR-JFK,2026-11-28,Sat,414,USD,low,459,540,28
LHR-JFK,2026-11-29,Sun,434,USD,low,459,540,25
LHR-JFK,2026-11-30,Mon,412,USD,low,459,540,32
ORD-MIA,2026-11-01,Sun,181,USD,high,84,160,15
ORD-MIA,2026-11-02,Mon,139,USD,typical,84,160,16
ORD-MIA,2026-11-03,Tue,145,USD,typical,84,160,16
ORD-MIA,2026-11-04,Wed,145,USD,typical,84,160,16
ORD-MIA,2026-11-05,Thu,131,USD,typical,84,160,16
ORD-MIA,2026-11-06,Fri,173,USD,high,84,160,15
ORD-MIA,2026-11-07,Sat,131,USD,typical,84,160,17
ORD-MIA,2026-11-08,Sun,176,USD,high,84,160,18
ORD-MIA,2026-11-09,Mon,139,USD,typical,84,160,15
ORD-MIA,2026-11-10,Tue,145,USD,typical,84,160,18
ORD-MIA,2026-11-11,Wed,145,USD,typical,84,160,18
ORD-MIA,2026-11-12,Thu,133,USD,typical,84,160,16
ORD-MIA,2026-11-13,Fri,163,USD,high,84,160,15
ORD-MIA,2026-11-14,Sat,113,USD,typical,84,160,17
ORD-MIA,2026-11-15,Sun,167,USD,high,84,160,15
ORD-MIA,2026-11-16,Mon,114,USD,typical,84,160,16
ORD-MIA,2026-11-17,Tue,135,USD,typical,84,160,18
ORD-MIA,2026-11-18,Wed,183,USD,high,84,160,19
ORD-MIA,2026-11-19,Thu,139,USD,typical,84,160,16
ORD-MIA,2026-11-20,Fri,167,USD,high,84,160,20
ORD-MIA,2026-11-21,Sat,183,USD,high,84,160,19
ORD-MIA,2026-11-22,Sun,181,USD,high,84,160,15
ORD-MIA,2026-11-23,Mon,139,USD,typical,84,160,16
ORD-MIA,2026-11-24,Tue,134,USD,typical,84,160,18
ORD-MIA,2026-11-25,Wed,139,USD,typical,84,160,18
ORD-MIA,2026-11-26,Thu,128,USD,typical,84,160,11
ORD-MIA,2026-11-27,Fri,167,USD,high,84,160,16
ORD-MIA,2026-11-28,Sat,193,USD,high,84,160,15
ORD-MIA,2026-11-29,Sun,195,USD,high,84,160,16
ORD-MIA,2026-11-30,Mon,139,USD,typical,84,160,17
SFO-HNL,2026-11-01,Sun,163,USD,low,219,305,11
SFO-HNL,2026-11-02,Mon,163,USD,low,219,305,9
SFO-HNL,2026-11-03,Tue,163,USD,low,219,305,8
SFO-HNL,2026-11-04,Wed,163,USD,low,219,305,10
SFO-HNL,2026-11-05,Thu,232,USD,typical,219,305,11
SFO-HNL,2026-11-06,Fri,269,USD,typical,219,305,10
SFO-HNL,2026-11-07,Sat,233,USD,typical,219,305,11
SFO-HNL,2026-11-08,Sun,163,USD,low,219,305,12
SFO-HNL,2026-11-09,Mon,163,USD,low,219,305,10
SFO-HNL,2026-11-10,Tue,163,USD,low,219,305,8
SFO-HNL,2026-11-11,Wed,163,USD,low,219,305,9
SFO-HNL,2026-11-12,Thu,232,USD,typical,219,305,10
SFO-HNL,2026-11-13,Fri,269,USD,typical,219,305,10
SFO-HNL,2026-11-14,Sat,233,USD,typical,219,305,11
SFO-HNL,2026-11-15,Sun,163,USD,low,219,305,10
SFO-HNL,2026-11-16,Mon,163,USD,low,219,305,10
SFO-HNL,2026-11-17,Tue,163,USD,low,219,305,10
SFO-HNL,2026-11-18,Wed,223,USD,typical,219,305,11
SFO-HNL,2026-11-19,Thu,313,USD,high,219,305,10
SFO-HNL,2026-11-20,Fri,444,USD,high,219,305,12
SFO-HNL,2026-11-21,Sat,303,USD,typical,219,305,14
SFO-HNL,2026-11-22,Sun,323,USD,high,219,305,14
SFO-HNL,2026-11-23,Mon,228,USD,typical,219,305,12
SFO-HNL,2026-11-24,Tue,172,USD,low,219,305,12
SFO-HNL,2026-11-25,Wed,172,USD,low,219,305,13
SFO-HNL,2026-11-26,Thu,232,USD,typical,219,305,12
SFO-HNL,2026-11-27,Fri,269,USD,typical,219,305,12
SFO-HNL,2026-11-28,Sat,239,USD,typical,219,305,10
SFO-HNL,2026-11-29,Sun,223,USD,typical,219,305,10
SFO-HNL,2026-11-30,Mon,163,USD,low,219,305,9
