website,slice,ads_low,ads_high
booking.com,all,300000,400000
expedia.com,all,8000,9000
airbnb.com,all,30000,40000
hotels.com,all,1000,2000
tripadvisor.com,all,100000,200000
kayak.com,all,50000,60000
priceline.com,all,100000,200000
vrbo.com,all,9000,10000
booking.com,google_search,300000,400000
expedia.com,google_search,5000,6000
airbnb.com,google_search,30000,40000
hotels.com,google_search,900,1000
tripadvisor.com,google_search,100000,200000
kayak.com,google_search,50000,60000
priceline.com,google_search,100000,200000
vrbo.com,google_search,8000,9000
booking.com,youtube,90000,100000
expedia.com,youtube,3000,4000
airbnb.com,youtube,10000,20000
hotels.com,youtube,400,500
tripadvisor.com,youtube,10000,20000
kayak.com,youtube,10000,20000
priceline.com,youtube,30000,40000
vrbo.com,youtube,700,800
booking.com,google_maps,20000,30000
expedia.com,google_maps,800,900
airbnb.com,google_maps,100,200
hotels.com,google_maps,200,300
tripadvisor.com,google_maps,4000,5000
kayak.com,google_maps,0,0
priceline.com,google_maps,8000,9000
vrbo.com,google_maps,2,2
booking.com,google_shopping,25,25
expedia.com,google_shopping,15,15
airbnb.com,google_shopping,3,3
hotels.com,google_shopping,1,1
tripadvisor.com,google_shopping,3,3
kayak.com,google_shopping,6,6
priceline.com,google_shopping,10,10
vrbo.com,google_shopping,1,1
booking.com,google_play,0,0
expedia.com,google_play,0,0
airbnb.com,google_play,0,0
hotels.com,google_play,0,0
tripadvisor.com,google_play,0,0
kayak.com,google_play,0,0
priceline.com,google_play,0,0
vrbo.com,google_play,0,0
booking.com,format_text,300000,400000
expedia.com,format_text,5000,6000
airbnb.com,format_text,30000,40000
hotels.com,format_text,900,1000
tripadvisor.com,format_text,100000,200000
kayak.com,format_text,50000,60000
priceline.com,format_text,100000,200000
vrbo.com,format_text,8000,9000
booking.com,format_image,2,2
expedia.com,format_image,200,300
airbnb.com,format_image,100,200
hotels.com,format_image,90,90
tripadvisor.com,format_image,76,76
kayak.com,format_image,5,5
priceline.com,format_image,22,22
vrbo.com,format_image,200,300
booking.com,format_video,29,29
expedia.com,format_video,2000,3000
airbnb.com,format_video,500,600
hotels.com,format_video,400,500
tripadvisor.com,format_video,100,200
kayak.com,format_video,36,36
priceline.com,format_video,0,0
vrbo.com,format_video,600,700
